,accuracy,precision,recall,f1_score,auc_roc
XGBoost,0.8512685914260717,0.8485941055256618,0.8512685914260717,0.848960002601339,0.0
Decision Tree,0.7559055118110236,0.750952885005096,0.7559055118110236,0.7521284221720952,0.0
SVM,0.7287839020122485,0.7332202712936164,0.7287839020122485,0.7269152570532862,0.0
Ensemble (Weighted),0.8188976377952756,0.8155054281724358,0.8188976377952756,0.8155327421518216,0.0
