,accuracy,precision,recall,f1_score,auc_roc
XGBoost,0.8355205599300087,0.8371783316456988,0.8355205599300087,0.8355893686596952,0.0
AdaBoost,0.705161854768154,0.7154803688752976,0.705161854768154,0.7060646865810255,0.0
Decision Tree,0.7436570428696413,0.7519039721873398,0.7436570428696413,0.7468904290901083,0.0
SVM,0.757655293088364,0.7705472223027576,0.757655293088364,0.7597257910719452,0.0
ANN,0.8250218722659668,0.8227644929023984,0.8250218722659668,0.8225546898843289,0.0
