,accuracy,precision,recall,f1_score,auc_roc
XGBoost,0.7229965156794426,0.7245566261239061,0.7229965156794426,0.7210935651875553,0.0
AdaBoost,0.5452961672473867,0.5638051175306364,0.5452961672473867,0.5308850982130169,0.0
Decision Tree,0.6132404181184669,0.6109444389818615,0.6132404181184669,0.6080730511794651,0.0
SVM,0.686411149825784,0.6865995180156261,0.686411149825784,0.6792527192651832,0.0
